{"a": 1.1340365857208012, "b": -3.80749006900618}